<?xml version="1.0" encoding="UTF-8"?>
<project-private xmlns="http://www.netbeans.org/ns/project-private/1">
    <editor-bookmarks xmlns="http://www.netbeans.org/ns/editor-bookmarks/2" lastBookmarkId="0"/>
    <open-files xmlns="http://www.netbeans.org/ns/projectui-open-files/2">
        <group>
            <file>file:/C:/Users/ACER/Documents/NetBeansProjects/ProjectAkhir/src/ui/Register.java</file>
            <file>file:/C:/Users/ACER/Documents/NetBeansProjects/ProjectAkhir/src/ui/Login.java</file>
            <file>file:/C:/Users/ACER/Documents/NetBeansProjects/ProjectAkhir/src/ui/Koneksi.java</file>
            <file>file:/C:/Users/ACER/Documents/NetBeansProjects/ProjectAkhir/src/ui/AdminStart.java</file>
            <file>file:/C:/Users/ACER/Documents/NetBeansProjects/ProjectAkhir/src/ui/Shop.java</file>
            <file>file:/C:/Users/ACER/Documents/NetBeansProjects/ProjectAkhir/src/ui/UserHP.java</file>
        </group>
    </open-files>
</project-private>
